Workbook

Sheet README
A1: AI Clinical Trial Site Selection POC — Synthetic Demo Dataset
A2: Generated to demonstrate the 8-stage pipeline end to end with realistic volume, without any real patient or site data.
A4: IMPORTANT — READ FIRST
A5: This entire workbook is SYNTHETIC / SIMULATED data generated for demo purposes. No real patients, hospitals,
A6: investigators, or trials are represented. Site names, scores, and risk records are randomly generated but
A7: structured the way real feasibility and risk data would look, so the pipeline logic can be tested with volume.
A9: Sheet guide:
A10: Trial_Requirements - 6 headline trials + 102 additional protocol variants (same 6 indication families,
A11: different phase/sample size/duration/budget/cohort) = 108 rows (Stage 1 input)
A12: Region_Data - 24 regions x 6 indications = 144 rows of prevalence/regulatory/cost data (Stage 2)
A13: Candidate_Sites - 300 synthetic hospital/site records across 24 regions (feeds Stage 4)
A14: Site_Evaluation - one scored row per site (300); Suitability Score is a LIVE FORMULA, not hardcoded (Stage 5)
... A43: shape, just no longer dependent on a missing external file).

Sheet Trial_Requirements
A1: ="T-"&TEXT(ROW()-1,"000") -> T-000 | B1: Indication | C1: Phase | D1: Target Sample Size | E1: Duration (months) | F1: Budget Tier | G1: Required Infrastructure | H1: Inclusion Criteria Summary
A2: T-001 | B2: Type 2 Diabetes | C2: Phase II | D2: 300 | E2: 18 | F2: Mid | G2: Endocrinology unit; on-site lab (HbA1c, lipid panel) | H2: Adults 30-65, HbA1c 7.5-10%, no prior insulin therapy
A3: T-002 | B3: Breast Cancer (HER2+) | C3: Phase III | D3: 450 | E3: 24 | F3: High | G3: Oncology infusion center; MRI/CT imaging | H3: Adults 18+, HER2-positive stage II-III, ECOG 0-1
A4: T-003 | B4: Hypertension | C4: Phase II | D4: 250 | E4: 12 | F4: Low | G4: Cardiology outpatient clinic; ambulatory BP monitoring | H4: Adults 40-70, BP 140-179/90-109 mmHg
A5: T-004 | B5: Alzheimer's Disease (Early-stage) | C5: Phase II | D5: 200 | E5: 24 | F5: High | G5: Neurology unit; PET imaging capability | H5: Adults 55-85, MMSE 20-26, amyloid-positive
A6: T-005 | B6: HIV (Treatment-naive) | C6: Phase III | D6: 500 | E6: 30 | F6: Mid | G6: Infectious disease clinic; virology lab | H6: Adults 18+, treatment-naive, CD4 count > 200
A7: T-006 | B7: Asthma (Moderate-Severe) | C7: Phase II | D7: 280 | E7: 15 | F7: Mid | G7: Pulmonology unit; spirometry equipment | H7: Adults 18-65, moderate-to-severe persistent asthma
A8: ="T-"&TEXT(ROW()-1,"000") -> T-007 | B8: Type 2 Diabetes - Elderly (65+) | C8: Phase I | D8: 129 | E8: 15 | F8: Low | G8: Endocrinology unit; on-site lab (HbA1c, lipid panel) | H8: Adults 30-65, HbA1c 7.5-10%, no prior insulin therapy; Elderly (65+) cohort
A9: T-008 | B9: Type 2 Diabetes - Newly diagnosed | C9: Phase II | D9: 385 | E9: 21 | F9: High | G9: Endocrinology unit; on-site lab (HbA1c, lipid panel) | H9: Adults 30-65, HbA1c 7.5-10%, no prior insulin therapy; Newly diagnosed cohort
A10: T-009 | B10: Type 2 Diabetes - Treatment-resistant | C10: Phase I | D10: 332 | E10: 11 | F10: Low | G10: Endocrinology unit; on-site lab (HbA1c, lipid panel) | H10: Adults 30-65, HbA1c 7.5-10%, no prior insulin therapy; Treatment-resistant cohort
A11: T-010 | B11: Type 2 Diabetes - Adolescent/young adult | C11: Phase II | D11: 203 | E11: 20 | F11: High | G11: Endocrinology unit; on-site lab (HbA1c, lipid panel) | H11: Adults 30-65, HbA1c 7.5-10%, no prior insulin therapy; Adolescent/young adult cohort
A12: ="T-"&TEXT(ROW()-1,"000") -> T-011 | B12: Type 2 Diabetes - Renal-impaired | C12: Phase II | D12: 377 | E12: 22 | F12: Mid | G12: Endocrinology unit; on-site lab (HbA1c, lipid panel) | H12: Adults 30-65, HbA1c 7.5-10%, no prior insulin therapy; Renal-impaired cohort
A13: ="T-"&TEXT(ROW()-1,"000") -> T-012 | B13: Type 2 Diabetes - Obese (BMI>35) | C13: Phase II | D13: 281 | E13: 15 | F13: Low | G13: Endocrinology unit; on-site lab (HbA1c, lipid panel) | H13: Adults 30-65, HbA1c 7.5-10%, no prior insulin therapy; Obese (BMI>35) cohort
A14: ="T-"&TEXT(ROW()-1,"000") -> T-013 | B14: Type 2 Diabetes - Early-stage | C14: Phase II | D14: 371 | E14: 16 | F14: Low | G14: Endocrinology unit; on-site lab (HbA1c, lipid panel) | H14: Adults 30-65, HbA1c 7.5-10%, no prior insulin therapy; Early-stage cohort
A15: ="T-"&TEXT(ROW()-1,"000") -> T-014 | B15: Type 2 Diabetes - Late-stage | C15: Phase II | D15: 464 | E15: 16 | F15: Low | G15: Endocrinology unit; on-site lab (HbA1c, lipid panel) | H15: Adults 30-65, HbA1c 7.5-10%, no prior insulin therapy; Late-stage cohort
A16: ="T-"&TEXT(ROW()-1,"000") -> T-015 | B16: Type 2 Diabetes - Comorbid cardiovascular | C16: Phase IV | D16: 154 | E16: 24 | F16: High | G16: Endocrinology unit; on-site lab (HbA1c, lipid panel) | H16: Adults 30-65, HbA1c 7.5-10%, no prior insulin therapy; Comorbid cardiovascular cohort
A17: ="T-"&TEXT(ROW()-1,"000") -> T-016 | B17: Type 2 Diabetes - Comorbid renal | C17: Phase III | D17: 410 | E17: 22 | F17: High | G17: Endocrinology unit; on-site lab (HbA1c, lipid panel) | H17: Adults 30-65, HbA1c 7.5-10%, no prior insulin therapy; Comorbid renal cohort
A18: ="T-"&TEXT(ROW()-1,"000") -> T-017 | B18: Type 2 Diabetes - Rural population | C18: Phase I | D18: 470 | E18: 16 | F18: High | G18: Endocrinology unit; on-site lab (HbA1c, lipid panel) | H18: Adults 30-65, HbA1c 7.5-10%, no prior insulin therapy; Rural population cohort
A19: ="T-"&TEXT(ROW()-1,"000") -> T-018 | B19: Type 2 Diabetes - Urban population | C19: Phase III | D19: 418 | E19: 20 | F19: Mid | G19: Endocrinology unit; on-site lab (HbA1c, lipid panel) | H19: Adults 30-65, HbA1c 7.5-10%, no prior insulin therapy; Urban population cohort
A20: ="T-"&TEXT(ROW()-1,"000") -> T-019 | B20: Type 2 Diabetes - Female-only | C20: Phase II | D20: 373 | E20: 11 | F20: Low | G20: Endocrinology unit; on-site lab (HbA1c, lipid panel) | H20: Adults 30-65, HbA1c 7.5-10%, no prior insulin therapy; Female-only cohort
A21: ="T-"&TEXT(ROW()-1,"000") -> T-020 | B21: Type 2 Diabetes - Male-only | C21: Phase III | D21: 474 | E21: 24 | F21: Low | G21: Endocrinology unit; on-site lab (HbA1c, lipid panel) | H21: Adults 30-65, HbA1c 7.5-10%, no prior insulin therapy; Male-only cohort
A22: ="T-"&TEXT(ROW()-1,"000") -> T-021 | B22: Type 2 Diabetes - High-risk genetic marker | C22: Phase IV | D22: 220 | E22: 21 | F22: Mid | G22: Endocrinology unit; on-site lab (HbA1c, lipid panel) | H22: Adults 30-65, HbA1c 7.5-10%, no prior insulin therapy; High-risk genetic marker cohort
A23: ="T-"&TEXT(ROW()-1,"000") -> T-022 | B23: Type 2 Diabetes - Post-surgical | C23: Phase II | D23: 253 | E23: 14 | F23: Mid | G23: Endocrinology unit; on-site lab (HbA1c, lipid panel) | H23: Adults 30-65, HbA1c 7.5-10%, no prior insulin therapy; Post-surgical cohort
... A415: ="T-"&TEXT(ROW()-1,"000") -> T-414 | B415: Schizophrenia - Recurrent/relapsed | C415: Phase III | D415: 474 | E415: 13 | F415: Low | G415: Psychiatric inpatient/outpatient unit; PANSS assessment capability | H415: Adults 18-60, PANSS total score >=70, on stable antipsychotic regimen; Recurrent/relapsed cohort

Sheet Region_Data
A1: Region | B1: Country | C1: Indication | D1: Prevalence (per 100k) | E1: Regulatory Approval Time (weeks) | F1: Active Competing Trials | G1: Avg Cost per Patient (USD)
A2: South India | B2: India | C2: Type 2 Diabetes | D2: 604.3 | E2: 4 | F2: 11 | G2: 4053
A3: South India | B3: India | C3: Breast Cancer (HER2+) | D3: 280.8 | E3: 8 | F3: 11 | G3: 2639
A4: South India | B4: India | C4: Hypertension | D4: 634.9 | E4: 6 | F4: 9 | G4: 5256
A5: South India | B5: India | C5: Alzheimer's Disease (Early-stage) | D5: 106.1 | E5: 6 | F5: 3 | G5: 3705
A6: South India | B6: India | C6: HIV (Treatment-naive) | D6: 494.4 | E6: 4 | F6: 8 | G6: 3428
A7: South India | B7: India | C7: Asthma (Moderate-Severe) | D7: 667.1 | E7: 17 | F7: 3 | G7: 5479
A8: North India | B8: India | C8: Type 2 Diabetes | D8: 563.2 | E8: 4 | F8: 12 | G8: 8401
A9: North India | B9: India | C9: Breast Cancer (HER2+) | D9: 210.9 | E9: 17 | F9: 5 | G9: 4076
A10: North India | B10: India | C10: Hypertension | D10: 207.5 | E10: 14 | F10: 1 | G10: 2559
A11: North India | B11: India | C11: Alzheimer's Disease (Early-stage) | D11: 391.5 | E11: 15 | F11: 5 | G11: 6745
A12: North India | B12: India | C12: HIV (Treatment-naive) | D12: 296.9 | E12: 5 | F12: 11 | G12: 5563
A13: North India | B13: India | C13: Asthma (Moderate-Severe) | D13: 519.7 | E13: 16 | F13: 1 | G13: 6322
... A553: Western Europe | B553: Germany | C553: Schizophrenia | D553: 709.3 | E553: 18 | F553: 10 | G553: 11903

Sheet Candidate_Sites
A1: Site ID | B1: Site Name | C1: Region | D1: Country | E1: City | F1: Therapeutic Area | G1: Hospital Type | H1: Accreditation
A2: S-0001 | B2: Nairobi Cancer Center | C2: Sub-Saharan Africa | D2: Kenya | E2: Nairobi | F2: Oncology | G2: Academic Medical Center | H2: Yes
A3: S-0002 | B3: Wroclaw Cancer Center | C3: Eastern Europe | D3: Poland | E3: Wroclaw | F3: Oncology | G3: Academic Medical Center | H3: Yes
A4: S-0003 | B4: Coimbatore Diabetes & Endocrine Institute | C4: South India | D4: India | E4: Coimbatore | F4: Endocrinology | G4: Specialty Clinic | H4: Yes
A5: S-0004 | B5: Krakow Pulmonology Institute | C5: Eastern Europe | D5: Poland | E5: Krakow | F5: Pulmonology | G5: Community Hospital | H5: Yes
A6: S-0005 | B6: Nairobi Memory & Brain Health Center | C6: Sub-Saharan Africa | D6: Kenya | E6: Nairobi | F6: Neurology | G6: Community Hospital | H6: Yes
A7: S-0006 | B7: Rio de Janeiro Memory & Brain Health Center | C7: Latin America | D7: Brazil | E7: Rio de Janeiro | F7: Neurology | G7: Regional Referral Hospital | H7: No
A8: S-0007 | B8: Chennai Metabolic Health Center | C8: South India | D8: India | E8: Chennai | F8: Endocrinology | G8: Specialty Clinic | H8: Yes
A9: S-0008 | B9: Chandigarh Cancer Center | C9: North India | D9: India | E9: Chandigarh | F9: Oncology | G9: University Hospital | H9: Yes
A10: S-0009 | B10: Sao Paulo Cardiology Center | C10: Latin America | D10: Brazil | E10: Sao Paulo | F10: Cardiology | G10: Community Hospital | H10: No
A11: S-0010 | B11: Jaipur Infectious Disease Clinic | C11: North India | D11: India | E11: Jaipur | F11: Infectious Disease | G11: Academic Medical Center | H11: Yes
A12: S-0011 | B12: Chennai Cancer Center | C12: South India | D12: India | E12: Chennai | F12: Oncology | G12: Regional Referral Hospital | H12: Yes
... A611: S-0610 | B611: Rio de Janeiro Infectious Disease Clinic | C611: Latin America | D611: Brazil | E611: Rio de Janeiro | F611: Infectious Disease | G611: Academic Medical Center | H611: Yes

Sheet Site_Evaluation
A1: Site ID | B1: Investigator Experience Score (0-10) | C1: Years Experience | D1: Prior Trials Count | E1: Historical Enrollment Rate (pts/month) | F1: Dropout Rate (%) | G1: Staff Availability Score (0-10) | H1: Infrastructure Readiness (%) | I1: Data Quality Score (0-100) | J1: Competing Trials at Site | K1: Suitability Score (0-100)
A2: S-0001 | B2: 7 | C2: 11 | D2: 4 | E2: 15 | F2: 3.7 | G2: 8.5 | H2: 68.6 | I2: 73.1 | J2: 0 | K2: =ROUND(MIN(MAX((B2*10)*0.2 + (MIN(E2/25*100,100))*0.2 + (MAX(100-F2*5,0))*0.15 + (G2*10)*0.15 + (H2)*0.15 + (I2)*0.15 - (J2*5),0),100),0) -> 72
A3: S-0002 | B3: 5.6 | C3: 10 | D3: 6 | E3: 13.8 | F3: 4.9 | G3: 4.3 | H3: 66.3 | I3: 81.6 | J3: 1 | K3: =ROUND(MIN(MAX((B3*10)*0.2 + (MIN(E3/25*100,100))*0.2 + (MAX(100-F3*5,0))*0.15 + (G3*10)*0.15 + (H3)*0.15 + (I3)*0.15 - (J3*5),0),100),0) -> 57
A4: S-0003 | B4: 4.9 | C4: 9 | D4: 4 | E4: 11.4 | F4: 9 | G4: 8.5 | H4: 64.6 | I4: 73.5 | J4: 0 | K4: =ROUND(MIN(MAX((B4*10)*0.2 + (MIN(E4/25*100,100))*0.2 + (MAX(100-F4*5,0))*0.15 + (G4*10)*0.15 + (H4)*0.15 + (I4)*0.15 - (J4*5),0),100),0) -> 61
A5: S-0004 | B5: 7.7 | C5: 12 | D5: 7 | E5: 3.9 | F5: 11.7 | G5: 7.6 | H5: 60.3 | I5: 68 | J5: 0 | K5: =ROUND(MIN(MAX((B5*10)*0.2 + (MIN(E5/25*100,100))*0.2 + (MAX(100-F5*5,0))*0.15 + (G5*10)*0.15 + (H5)*0.15 + (I5)*0.15 - (J5*5),0),100),0) -> 55
A6: S-0005 | B6: 4 | C6: 5 | D6: 2 | E6: 3.1 | F6: 19.4 | G6: 5.1 | H6: 75.2 | I6: 85.3 | J6: 1 | K6: =ROUND(MIN(MAX((B6*10)*0.2 + (MIN(E6/25*100,100))*0.2 + (MAX(100-F6*5,0))*0.15 + (G6*10)*0.15 + (H6)*0.15 + (I6)*0.15 - (J6*5),0),100),0) -> 38
A7: S-0006 | B7: 8.8 | C7: 16 | D7: 7 | E7: 19.4 | F7: 3.9 | G7: 4.1 | H7: 96.8 | I7: 92.1 | J7: 1 | K7: =ROUND(MIN(MAX((B7*10)*0.2 + (MIN(E7/25*100,100))*0.2 + (MAX(100-F7*5,0))*0.15 + (G7*10)*0.15 + (H7)*0.15 + (I7)*0.15 - (J7*5),0),100),0) -> 75
A8: S-0007 | B8: 7 | C8: 12 | D8: 6 | E8: 5.2 | F8: 3.5 | G8: 5.9 | H8: 92.1 | I8: 81.6 | J8: 2 | K8: =ROUND(MIN(MAX((B8*10)*0.2 + (MIN(E8/25*100,100))*0.2 + (MAX(100-F8*5,0))*0.15 + (G8*10)*0.15 + (H8)*0.15 + (I8)*0.15 - (J8*5),0),100),0) -> 55
A9: S-0008 | B9: 9.4 | C9: 13 | D9: 8 | E9: 7.6 | F9: 16 | G9: 7.1 | H9: 75.8 | I9: 68.3 | J9: 0 | K9: =ROUND(MIN(MAX((B9*10)*0.2 + (MIN(E9/25*100,100))*0.2 + (MAX(100-F9*5,0))*0.15 + (G9*10)*0.15 + (H9)*0.15 + (I9)*0.15 - (J9*5),0),100),0) -> 60
A10: S-0009 | B10: 5.3 | C10: 7 | D10: 4 | E10: 5.2 | F10: 14.2 | G10: 9.4 | H10: 74 | I10: 86.3 | J10: 2 | K10: =ROUND(MIN(MAX((B10*10)*0.2 + (MIN(E10/25*100,100))*0.2 + (MAX(100-F10*5,0))*0.15 + (G10*10)*0.15 + (H10)*0.15 + (I10)*0.15 - (J10*5),0),100),0) -> 47
A11: S-0010 | B11: 8.7 | C11: 13 | D11: 5 | E11: 6.7 | F11: 16.3 | G11: 8.6 | H11: 86.2 | I11: 62.6 | J11: 2 | K11: =ROUND(MIN(MAX((B11*10)*0.2 + (MIN(E11/25*100,100))*0.2 + (MAX(100-F11*5,0))*0.15 + (G11*10)*0.15 + (H11)*0.15 + (I11)*0.15 - (J11*5),0),100),0) -> 51
A12: S-0011 | B12: 6.5 | C12: 12 | D12: 7 | E12: 11.5 | F12: 23.3 | G12: 7.4 | H12: 85.4 | I12: 81.9 | J12: 3 | K12: =ROUND(MIN(MAX((B12*10)*0.2 + (MIN(E12/25*100,100))*0.2 + (MAX(100-F12*5,0))*0.15 + (G12*10)*0.15 + (H12)*0.15 + (I12)*0.15 - (J12*5),0),100),0) -> 43
A13: S-0012 | B13: 7.4 | C13: 10 | D13: 4 | E13: 11.4 | F13: 9.7 | G13: 5.6 | H13: 62.2 | I13: 76.8 | J13: 0 | K13: =ROUND(MIN(MAX((B13*10)*0.2 + (MIN(E13/25*100,100))*0.2 + (MAX(100-F13*5,0))*0.15 + (G13*10)*0.15 + (H13)*0.15 + (I13)*0.15 - (J13*5),0),100),0) -> 61
... A611: S-0610 | B611: 7.7 | C611: 16 | D611: 3 | E611: 7.2 | F611: 6.1 | G611: 8.6 | H611: 38 | I611: 51.7 | J611: 3 | K611: =ROUND(MIN(MAX((B611*10)*0.2 + (MIN(E611/25*100,100))*0.2 + (MAX(100-F611*5,0))*0.15 + (G611*10)*0.15 + (H611)*0.15 + (I611)*0.15 - (J611*5),0),100),0) -> 43

Sheet Risk_Matrix
A1: Likelihood \ Impact | B1: Low | C1: Medium | D1: High
A2: Low | B2: Low | C2: Low | D2: Medium
A3: Medium | B3: Low | C3: Medium | D3: High
A4: High | B4: Medium | C4: High | D4: High
A7: Standard Likelihood x Impact risk matrix used by every record in Risk_Register.

Sheet Risk_Register
A1: Risk ID | B1: Site ID | C1: Risk Category | D1: Description | E1: Likelihood | F1: Impact | G1: Overall Risk Rating | H1: Date Identified | I1: Status | J1: Mitigation Plan | K1: Owner | L1: Risk Score (Numeric)
A2: R-00001 | B2: S-0001 | C2: Operational | D2: Clinical coordinator role currently open, may delay start-up | E2: Medium | F2: High | G2: =INDEX(Risk_Matrix!$B$2:$D$4,MATCH(E2,Risk_Matrix!$A$2:$A$4,0),MATCH(F2,Risk_Matrix!$B$1:$D$1,0)) -> High | H2: 46143 | I2: Closed | J2: Resolved; no further action required | K2: Data Management Lead | L2: =IF(G2="High",3,IF(G2="Medium",2,1)) -> 3
A3: R-00002 | B3: S-0001 | C3: Compliance | D3: Minor protocol deviation noted in a prior trial at this site | E3: Low | F3: Low | G3: =INDEX(Risk_Matrix!$B$2:$D$4,MATCH(E3,Risk_Matrix!$A$2:$A$4,0),MATCH(F3,Risk_Matrix!$B$1:$D$1,0)) -> Low | H3: 46127 | I3: Closed | J3: Resolved; no further action required | K3: Data Management Lead | L3: =IF(G3="High",3,IF(G3="Medium",2,1)) -> 1
A4: R-00003 | B4: S-0001 | C4: Enrollment | D4: Screen failure rate above regional average in past studies | E4: Low | F4: High | G4: =INDEX(Risk_Matrix!$B$2:$D$4,MATCH(E4,Risk_Matrix!$A$2:$A$4,0),MATCH(F4,Risk_Matrix!$B$1:$D$1,0)) -> Medium | H4: 46081 | I4: Monitoring | J4: Tracking indicator reviewed at each monitoring visit | K4: Regulatory Affairs Lead | L4: =IF(G4="High",3,IF(G4="Medium",2,1)) -> 2
A5: R-00004 | B5: S-0001 | C5: Competitive | D5: One or more competing trials recruiting the same indication nearby | E5: Medium | F5: Medium | G5: =INDEX(Risk_Matrix!$B$2:$D$4,MATCH(E5,Risk_Matrix!$A$2:$A$4,0),MATCH(F5,Risk_Matrix!$B$1:$D$1,0)) -> Medium | H5: 46062 | I5: Open | J5: Mitigation plan to be defined during site initiation visit | K5: Regulatory Affairs Lead | L5: =IF(G5="High",3,IF(G5="Medium",2,1)) -> 2
A6: R-00005 | B6: S-0001 | C6: Regulatory | D6: Local ethics committee review queue longer than regional average | E6: Low | F6: Low | G6: =INDEX(Risk_Matrix!$B$2:$D$4,MATCH(E6,Risk_Matrix!$A$2:$A$4,0),MATCH(F6,Risk_Matrix!$B$1:$D$1,0)) -> Low | H6: 46092 | I6: Monitoring | J6: Tracking indicator reviewed at each monitoring visit | K6: Data Management Lead | L6: =IF(G6="High",3,IF(G6="Medium",2,1)) -> 1
A7: R-00006 | B7: S-0001 | C7: Data Integrity | D7: Site is new to the sponsor's EDC platform, limited track record | E7: Low | F7: Medium | G7: =INDEX(Risk_Matrix!$B$2:$D$4,MATCH(E7,Risk_Matrix!$A$2:$A$4,0),MATCH(F7,Risk_Matrix!$B$1:$D$1,0)) -> Low | H7: 46082 | I7: Mitigated | J7: Corrective action implemented and verified by site | K7: Clinical Ops Manager | L7: =IF(G7="High",3,IF(G7="Medium",2,1)) -> 1
A8: R-00007 | B8: S-0002 | C8: Operational | D8: Clinical coordinator role currently open, may delay start-up | E8: High | F8: Low | G8: =INDEX(Risk_Matrix!$B$2:$D$4,MATCH(E8,Risk_Matrix!$A$2:$A$4,0),MATCH(F8,Risk_Matrix!$B$1:$D$1,0)) -> Medium | H8: 46178 | I8: Monitoring | J8: Tracking indicator reviewed at each monitoring visit | K8: Regulatory Affairs Lead | L8: =IF(G8="High",3,IF(G8="Medium",2,1)) -> 2
A9: R-00008 | B9: S-0002 | C9: Compliance | D9: GCP refresher training overdue for part of site staff | E9: Low | F9: High | G9: =INDEX(Risk_Matrix!$B$2:$D$4,MATCH(E9,Risk_Matrix!$A$2:$A$4,0),MATCH(F9,Risk_Matrix!$B$1:$D$1,0)) -> Medium | H9: 46067 | I9: Open | J9: Mitigation plan to be defined during site initiation visit | K9: Regulatory Affairs Lead | L9: =IF(G9="High",3,IF(G9="Medium",2,1)) -> 2
A10: R-00009 | B10: S-0002 | C10: Enrollment | D10: Patient travel distance may affect long-term retention | E10: Low | F10: Low | G10: =INDEX(Risk_Matrix!$B$2:$D$4,MATCH(E10,Risk_Matrix!$A$2:$A$4,0),MATCH(F10,Risk_Matrix!$B$1:$D$1,0)) -> Low | H10: 46149 | I10: Monitoring | J10: Tracking indicator reviewed at each monitoring visit | K10: Regulatory Affairs Lead | L10: =IF(G10="High",3,IF(G10="Medium",2,1)) -> 1
A11: R-00010 | B11: S-0002 | C11: Competitive | D11: One or more competing trials recruiting the same indication nearby | E11: Medium | F11: Low | G11: =INDEX(Risk_Matrix!$B$2:$D$4,MATCH(E11,Risk_Matrix!$A$2:$A$4,0),MATCH(F11,Risk_Matrix!$B$1:$D$1,0)) -> Low | H11: 46131 | I11: Monitoring | J11: Tracking indicator reviewed at each monitoring visit | K11: Clinical Ops Manager | L11: =IF(G11="High",3,IF(G11="Medium",2,1)) -> 1
A12: R-00011 | B12: S-0002 | C12: Regulatory | D12: Import/customs license renewal pending for investigational product | E12: Low | F12: Low | G12: =INDEX(Risk_Matrix!$B$2:$D$4,MATCH(E12,Risk_Matrix!$A$2:$A$4,0),MATCH(F12,Risk_Matrix!$B$1:$D$1,0)) -> Low | H12: 46213 | I12: Monitoring | J12: Tracking indicator reviewed at each monitoring visit | K12: Data Management Lead | L12: =IF(G12="High",3,IF(G12="Medium",2,1)) -> 1
A13: R-00012 | B13: S-0002 | C13: Data Integrity | D13: Site is new to the sponsor's EDC platform, limited track record | E13: Medium | F13: Medium | G13: =INDEX(Risk_Matrix!$B$2:$D$4,MATCH(E13,Risk_Matrix!$A$2:$A$4,0),MATCH(F13,Risk_Matrix!$B$1:$D$1,0)) -> Medium | H13: 46220 | I13: Open | J13: Mitigation plan to be defined during site initiation visit | K13: Site Feasibility Lead | L13: =IF(G13="High",3,IF(G13="Medium",2,1)) -> 2
... A3661: R-03660 | B3661: S-0610 | C3661: Competitive | D3661: Overlapping investigator commitments across concurrent trials | E3661: High | F3661: Low | G3661: =INDEX(Risk_Matrix!$B$2:$D$4,MATCH(E3661,Risk_Matrix!$A$2:$A$4,0),MATCH(F3661,Risk_Matrix!$B$1:$D$1,0)) -> Medium | H3661: 46083 | I3661: Open | J3661: Mitigation plan drafted; corrective action in progress | K3661: Study Start-Up Specialist | L3661: =IF(G3661="High",3,IF(G3661="Medium",2,1)) -> 2

Sheet Site_Ranking
A1: Trial ID | B1: Rank | C1: Site ID | D1: Site Name | E1: Region | F1: Suitability Score | G1: High-Risk Record Count | H1: Overall Risk Level | I1: Recommendation
A2: T-001 | B2: 1 | C2: S-0027 | D2: London Metabolic Health Center | E2: United Kingdom | F2: =INDEX(Site_Evaluation!$K:$K,MATCH(C2,Site_Evaluation!$A:$A,0)) -> 47 | G2: =COUNTIFS(Risk_Register!B:B,C2,Risk_Register!G:G,"High") -> 0 | H2: =IF(_xlfn.MAXIFS(Risk_Register!$L:$L,Risk_Register!$B:$B,C2)=3,"High",IF(_xlfn.MAXIFS(Risk_Register!$L:$L,Risk_Register!$B:$B,C2)=2,"Medium","Low")) -> Medium | I2: =IF(B2<=3,"Preferred site - strong composite profile",IF(B2<=10,"Backup candidate - viable with monitoring","Reserve - evaluate only if primary sites unavailable")) -> Preferred site - strong composite profile
A3: T-001 | B3: 2 | C3: S-0120 | D3: Munich Diabetes & Endocrine Institute | E3: Western Europe | F3: =INDEX(Site_Evaluation!$K:$K,MATCH(C3,Site_Evaluation!$A:$A,0)) -> 81 | G3: =COUNTIFS(Risk_Register!B:B,C3,Risk_Register!G:G,"High") -> 2 | H3: =IF(_xlfn.MAXIFS(Risk_Register!$L:$L,Risk_Register!$B:$B,C3)=3,"High",IF(_xlfn.MAXIFS(Risk_Register!$L:$L,Risk_Register!$B:$B,C3)=2,"Medium","Low")) -> High | I3: =IF(B3<=3,"Preferred site - strong composite profile",IF(B3<=10,"Backup candidate - viable with monitoring","Reserve - evaluate only if primary sites unavailable")) -> Preferred site - strong composite profile
A4: T-001 | B4: 3 | C4: S-0293 | D4: Cairo Metabolic Health Center | E4: North Africa | F4: =INDEX(Site_Evaluation!$K:$K,MATCH(C4,Site_Evaluation!$A:$A,0)) -> 74 | G4: =COUNTIFS(Risk_Register!B:B,C4,Risk_Register!G:G,"High") -> 0 | H4: =IF(_xlfn.MAXIFS(Risk_Register!$L:$L,Risk_Register!$B:$B,C4)=3,"High",IF(_xlfn.MAXIFS(Risk_Register!$L:$L,Risk_Register!$B:$B,C4)=2,"Medium","Low")) -> Medium | I4: =IF(B4<=3,"Preferred site - strong composite profile",IF(B4<=10,"Backup candidate - viable with monitoring","Reserve - evaluate only if primary sites unavailable")) -> Preferred site - strong composite profile
A5: T-001 | B5: 4 | C5: S-0098 | D5: Jaipur Metabolic Health Center | E5: North India | F5: =INDEX(Site_Evaluation!$K:$K,MATCH(C5,Site_Evaluation!$A:$A,0)) -> 63 | G5: =COUNTIFS(Risk_Register!B:B,C5,Risk_Register!G:G,"High") -> 0 | H5: =IF(_xlfn.MAXIFS(Risk_Register!$L:$L,Risk_Register!$B:$B,C5)=3,"High",IF(_xlfn.MAXIFS(Risk_Register!$L:$L,Risk_Register!$B:$B,C5)=2,"Medium","Low")) -> Medium | I5: =IF(B5<=3,"Preferred site - strong composite profile",IF(B5<=10,"Backup candidate - viable with monitoring","Reserve - evaluate only if primary sites unavailable")) -> Backup candidate - viable with monitoring
A6: T-001 | B6: 5 | C6: S-0034 | D6: Mombasa Endocrine Care Hospital | E6: Sub-Saharan Africa | F6: =INDEX(Site_Evaluation!$K:$K,MATCH(C6,Site_Evaluation!$A:$A,0)) -> 69 | G6: =COUNTIFS(Risk_Register!B:B,C6,Risk_Register!G:G,"High") -> 2 | H6: =IF(_xlfn.MAXIFS(Risk_Register!$L:$L,Risk_Register!$B:$B,C6)=3,"High",IF(_xlfn.MAXIFS(Risk_Register!$L:$L,Risk_Register!$B:$B,C6)=2,"Medium","Low")) -> High | I6: =IF(B6<=3,"Preferred site - strong composite profile",IF(B6<=10,"Backup candidate - viable with monitoring","Reserve - evaluate only if primary sites unavailable")) -> Backup candidate - viable with monitoring
A7: T-001 | B7: 6 | C7: S-0238 | D7: Lahore Metabolic Health Center | E7: South Asia (Pakistan) | F7: =INDEX(Site_Evaluation!$K:$K,MATCH(C7,Site_Evaluation!$A:$A,0)) -> 68 | G7: =COUNTIFS(Risk_Register!B:B,C7,Risk_Register!G:G,"High") -> 1 | H7: =IF(_xlfn.MAXIFS(Risk_Register!$L:$L,Risk_Register!$B:$B,C7)=3,"High",IF(_xlfn.MAXIFS(Risk_Register!$L:$L,Risk_Register!$B:$B,C7)=2,"Medium","Low")) -> High | I7: =IF(B7<=3,"Preferred site - strong composite profile",IF(B7<=10,"Backup candidate - viable with monitoring","Reserve - evaluate only if primary sites unavailable")) -> Backup candidate - viable with monitoring
A8: T-001 | B8: 7 | C8: S-0280 | D8: Chittagong Endocrine Care Hospital | E8: South Asia (Bangladesh) | F8: =INDEX(Site_Evaluation!$K:$K,MATCH(C8,Site_Evaluation!$A:$A,0)) -> 68 | G8: =COUNTIFS(Risk_Register!B:B,C8,Risk_Register!G:G,"High") -> 1 | H8: =IF(_xlfn.MAXIFS(Risk_Register!$L:$L,Risk_Register!$B:$B,C8)=3,"High",IF(_xlfn.MAXIFS(Risk_Register!$L:$L,Risk_Register!$B:$B,C8)=2,"Medium","Low")) -> High | I8: =IF(B8<=3,"Preferred site - strong composite profile",IF(B8<=10,"Backup candidate - viable with monitoring","Reserve - evaluate only if primary sites unavailable")) -> Backup candidate - viable with monitoring
A9: T-001 | B9: 8 | C9: S-0077 | D9: Surabaya Diabetes & Endocrine Institute | E9: South-East Asia (Indonesia) | F9: =INDEX(Site_Evaluation!$K:$K,MATCH(C9,Site_Evaluation!$A:$A,0)) -> 59 | G9: =COUNTIFS(Risk_Register!B:B,C9,Risk_Register!G:G,"High") -> 1 | H9: =IF(_xlfn.MAXIFS(Risk_Register!$L:$L,Risk_Register!$B:$B,C9)=3,"High",IF(_xlfn.MAXIFS(Risk_Register!$L:$L,Risk_Register!$B:$B,C9)=2,"Medium","Low")) -> High | I9: =IF(B9<=3,"Preferred site - strong composite profile",IF(B9<=10,"Backup candidate - viable with monitoring","Reserve - evaluate only if primary sites unavailable")) -> Backup candidate - viable with monitoring
A10: T-001 | B10: 9 | C10: S-0259 | D10: Munich Endocrine Care Hospital | E10: Western Europe | F10: =INDEX(Site_Evaluation!$K:$K,MATCH(C10,Site_Evaluation!$A:$A,0)) -> 63 | G10: =COUNTIFS(Risk_Register!B:B,C10,Risk_Register!G:G,"High") -> 1 | H10: =IF(_xlfn.MAXIFS(Risk_Register!$L:$L,Risk_Register!$B:$B,C10)=3,"High",IF(_xlfn.MAXIFS(Risk_Register!$L:$L,Risk_Register!$B:$B,C10)=2,"Medium","Low")) -> High | I10: =IF(B10<=3,"Preferred site - strong composite profile",IF(B10<=10,"Backup candidate - viable with monitoring","Reserve - evaluate only if primary sites unavailable")) -> Backup candidate - viable with monitoring
A11: T-001 | B11: 10 | C11: S-0252 | D11: Nairobi Diabetes & Endocrine Institute | E11: Sub-Saharan Africa | F11: =INDEX(Site_Evaluation!$K:$K,MATCH(C11,Site_Evaluation!$A:$A,0)) -> 62 | G11: =COUNTIFS(Risk_Register!B:B,C11,Risk_Register!G:G,"High") -> 0 | H11: =IF(_xlfn.MAXIFS(Risk_Register!$L:$L,Risk_Register!$B:$B,C11)=3,"High",IF(_xlfn.MAXIFS(Risk_Register!$L:$L,Risk_Register!$B:$B,C11)=2,"Medium","Low")) -> Medium | I11: =IF(B11<=3,"Preferred site - strong composite profile",IF(B11<=10,"Backup candidate - viable with monitoring","Reserve - evaluate only if primary sites unavailable")) -> Backup candidate - viable with monitoring
A12: T-001 | B12: 11 | C12: S-0279 | D12: Chittagong Diabetes & Endocrine Institute | E12: South Asia (Bangladesh) | F12: =INDEX(Site_Evaluation!$K:$K,MATCH(C12,Site_Evaluation!$A:$A,0)) -> 61 | G12: =COUNTIFS(Risk_Register!B:B,C12,Risk_Register!G:G,"High") -> 1 | H12: =IF(_xlfn.MAXIFS(Risk_Register!$L:$L,Risk_Register!$B:$B,C12)=3,"High",IF(_xlfn.MAXIFS(Risk_Register!$L:$L,Risk_Register!$B:$B,C12)=2,"Medium","Low")) -> High | I12: =IF(B12<=3,"Preferred site - strong composite profile",IF(B12<=10,"Backup candidate - viable with monitoring","Reserve - evaluate only if primary sites unavailable")) -> Reserve - evaluate only if primary sites unavailable
A13: T-001 | B13: 12 | C13: S-0073 | D13: Bogota Diabetes & Endocrine Institute | E13: Andean Region | F13: =INDEX(Site_Evaluation!$K:$K,MATCH(C13,Site_Evaluation!$A:$A,0)) -> 69 | G13: =COUNTIFS(Risk_Register!B:B,C13,Risk_Register!G:G,"High") -> 2 | H13: =IF(_xlfn.MAXIFS(Risk_Register!$L:$L,Risk_Register!$B:$B,C13)=3,"High",IF(_xlfn.MAXIFS(Risk_Register!$L:$L,Risk_Register!$B:$B,C13)=2,"Medium","Low")) -> High | I13: =IF(B13<=3,"Preferred site - strong composite profile",IF(B13<=10,"Backup candidate - viable with monitoring","Reserve - evaluate only if primary sites unavailable")) -> Reserve - evaluate only if primary sites unavailable
... A549: T-397 | B549: 19 | C549: S-0580 | D549: Puebla Psychiatry Institute | E549: Central Mexico | F549: =INDEX(Site_Evaluation!$K:$K,MATCH(C549,Site_Evaluation!$A:$A,0)) -> 26 | G549: =COUNTIFS(Risk_Register!B:B,C549,Risk_Register!G:G,"High") -> 2 | H549: =IF(_xlfn.MAXIFS(Risk_Register!$L:$L,Risk_Register!$B:$B,C549)=3,"High",IF(_xlfn.MAXIFS(Risk_Register!$L:$L,Risk_Register!$B:$B,C549)=2,"Medium","Low")) -> High | I549: =IF(B549<=3,"Preferred site - strong composite profile",IF(B549<=10,"Backup candidate - viable with monitoring","Reserve - evaluate only if primary sites unavailable")) -> Reserve - evaluate only if primary sites unavailable
